{
  "option": [
    "By Region",
    "By Time"
  ],
  "month": [
    "Jan",
    "Feb",
    "Mar",
    "Apr",
    "May",
    "Jun",
    "Jul",
    "Aug",
    "Sept",
    "Oct",
    "Nov",
    "Dec"
  ],
  "country": {
     "Sweden": {
      "name": "Sweden",
      "className": "sweden",
      "link": "javascript:void(0);",
      "region": "Europe",
      "time": [
        {
          "date": "2020/2/11",
          "link": "https://e.huawei.com/sv-SE/special_topic/event/2020q1/2020-huawei-sweden-partner-summit"
        }
      ]
    },
   "Germany": {
      "name": "Germany",
      "className": "germany",
      "link": "javascript:void(0);",
      "region": "Europe",
      "time": [
        {
          "date": "2020/3/3",
          "link": "https://e.huawei.com/de/special_topic/event/2020q1/2003-Huawei-DE-IPCLUB-ITDAY-Frankfurt"
        }
      ]
    },
    "HK": {
      "name": "HK",
      "className": "hk",
      "region": "Asia Pacific",
      "time": [
        {
          "date": "2020/3/27",
          "link": "javascript:void(0);"
        }
      ]
    },
     
    "India": {
      "name": "India",
      "className": "india",
      "link": "javascript:void(0);",
      "region": "Asia Pacific",
      "time": [
        {
          "date": "2020/2/28",
          "link": "javascript:void(0);"
        },
 {
          "date": "2020/3/6",
          "link": "javascript:void(0);"
        },
 {
          "date": "2020/3/13",
          "link": "javascript:void(0);"
        },
 {
          "date": "2020/3/20",
          "link": "javascript:void(0);"
        }
      ]
    },
    "Singapore": {
      "name": "Singapore",
      "className": "singapore",
      "link": "javascript:void(0);",
      "region": "Asia Pacific",
      "time": [
        {
          "date": "2020/3",
          "link": "javascript:void(0);"
        }
      ]
    },
     "Philippines": {
      "name": "Philippines",
      "className": "philippines",
      "link": "javascript:void(0);",
      "region": "Asia Pacific",
      "time": [
        {
          "date": "2020/4",
          "link": "javascript:void(0);"
        },
  {
          "date": "2020/9",
          "link": "javascript:void(0);"
        },
  {
          "date": "2020/10",
          "link": "javascript:void(0);"
        }
      ]
    },
    "Indonesia": {
      "name": "Indonesia",
      "className": "indonesia",
      "link": "javascript:void(0);",
      "region": "Asia Pacific",
      "time": [
        {
          "date": "2020/6",
          "link": "javascript:void(0);"
        },
        {
          "date": "2020/11",
          "link": "javascript:void(0);"
        }
      ]
    },
    "Malaysia": {
      "name": "Malaysia",
      "className": "malaysia",
      "link": "javascript:void(0);",
      "region": "Asia Pacific",
      "time": [
        {
          "date": "2020/6",
          "link": "javascript:void(0);"
        }
      ]
    },
     "Brazil": {
      "name": "Brazil",
      "className": "brazil",
      "link": "javascript:void(0);",
      "region": "Latin America",
      "time": [
        {
          "date": "2020/4/16",
          "link": "javascript:void(0);"
        },
        {
          "date": "2020/8/6",
          "link": "javascript:void(0);"
        }
      ]
    }
 
  },
  "By Time": {
    "Jan": {},
    "Feb": {},
    "Mar": {},
    "Apr": {},
    "May": {},
    "Jun": {},
    "Jul": {},
    "Aug": {},
    "Sept": {},
    "Oct": {},
    "Nov": {},
    "Dec": {}
  },
  "By Region": {}
}